Ethnicity,Club Name
Asian,New England Referees
Asian,New England Referees
Asian,New York Referees (RRSNY)
Asian,New York Referees (RRSNY)
Asian,New York Referees (RRSNY)
Asian,Potomac Referees
Asian,Potomac Referees
Asian,Potomac Referees
"Black, non Hispanic",New England Referees
"Black, non Hispanic",New England Referees
"Black, non Hispanic",New York Referees (RRSNY)
"Black, non Hispanic",New York Referees (RRSNY)
"Black, non Hispanic",Potomac Referees
"Black, non Hispanic",Potomac Referees
"Black, non Hispanic",Virginia Referees (RSV)
"Black, non Hispanic",Virginia Referees (RSV)
"Black, non Hispanic",Virginia Referees (RSV)
Hispanic or Latino,New England Referees
Hispanic or Latino,New England Referees
Hispanic or Latino,New York Referees (RRSNY)
Hispanic or Latino,Potomac Referees
Mixed or Multiple,New York Referees (RRSNY)
Mixed or Multiple,New York Referees (RRSNY)
Mixed or Multiple,Potomac Referees
Mixed or Multiple,Potomac Referees
Native Hawaiian and Pacific Islander,Upstate NY Referees
Prefer not to answer,New England Referees
Prefer not to answer,New England Referees
Prefer not to answer,New England Referees
Prefer not to answer,New England Referees
Prefer not to answer,New England Referees
Prefer not to answer,New England Referees
Prefer not to answer,New England Referees
Prefer not to answer,New York Referees (RRSNY)
Prefer not to answer,New York Referees (RRSNY)
Prefer not to answer,New York Referees (RRSNY)
Prefer not to answer,New York Referees (RRSNY)
Prefer not to answer,New York Referees (RRSNY)
Prefer not to answer,New York Referees (RRSNY)
Prefer not to answer,Potomac Referees
Prefer not to answer,Potomac Referees
Prefer not to answer,Upstate NY Referees
Prefer not to answer,Upstate NY Referees
Prefer not to answer,Virgina Referees (RSV)
Prefer not to answer,Virgina Referees (RSV)
Prefer not to answer,Virgina Referees (RSV)
Prefer not to answer,Virginia Referees (RSV)
Prefer not to answer,Virginia Referees (RSV)
Prefer not to answer,Virginia Referees (RSV)
"White, non-Hispanic",East Penn Referees
"White, non-Hispanic",East Penn Referees
"White, non-Hispanic",East Penn Referees
"White, non-Hispanic",East Penn Referees
"White, non-Hispanic",East Penn Referees
"White, non-Hispanic",East Penn Referees
"White, non-Hispanic",East Penn Referees
"White, non-Hispanic",East Penn Referees
"White, non-Hispanic",East Penn Referees
"White, non-Hispanic",East Penn Referees
"White, non-Hispanic",East Penn Referees
"White, non-Hispanic",East Penn Referees
"White, non-Hispanic",East Penn Referees
"White, non-Hispanic",East Penn Referees
"White, non-Hispanic",East Penn Referees
"White, non-Hispanic",East Penn Referees
"White, non-Hispanic",East Penn Referees
"White, non-Hispanic",East Penn Referees
"White, non-Hispanic",East Penn Referees
"White, non-Hispanic",East Penn Referees
"White, non-Hispanic",New England Referees
"White, non-Hispanic",New England Referees
"White, non-Hispanic",New England Referees
"White, non-Hispanic",New England Referees
"White, non-Hispanic",New England Referees
"White, non-Hispanic",New England Referees
"White, non-Hispanic",New England Referees
"White, non-Hispanic",New England Referees
"White, non-Hispanic",New England Referees
"White, non-Hispanic",New England Referees
"White, non-Hispanic",New England Referees
"White, non-Hispanic",New England Referees
"White, non-Hispanic",New England Referees
"White, non-Hispanic",New England Referees
"White, non-Hispanic",New England Referees
"White, non-Hispanic",New England Referees
"White, non-Hispanic",New England Referees
"White, non-Hispanic",New England Referees
"White, non-Hispanic",New England Referees
"White, non-Hispanic",New England Referees
"White, non-Hispanic",New England Referees
"White, non-Hispanic",New England Referees
"White, non-Hispanic",New England Referees
"White, non-Hispanic",New England Referees
"White, non-Hispanic",New England Referees
"White, non-Hispanic",New England Referees
"White, non-Hispanic",New England Referees
"White, non-Hispanic",New England Referees
"White, non-Hispanic",New England Referees
"White, non-Hispanic",New England Referees
"White, non-Hispanic",New England Referees
"White, non-Hispanic",New England Referees
"White, non-Hispanic",New England Referees
"White, non-Hispanic",New England Referees
"White, non-Hispanic",New York Referees (RRSNY)
"White, non-Hispanic",New York Referees (RRSNY)
"White, non-Hispanic",New York Referees (RRSNY)
"White, non-Hispanic",New York Referees (RRSNY)
"White, non-Hispanic",New York Referees (RRSNY)
"White, non-Hispanic",New York Referees (RRSNY)
"White, non-Hispanic",New York Referees (RRSNY)
"White, non-Hispanic",New York Referees (RRSNY)
"White, non-Hispanic",New York Referees (RRSNY)
"White, non-Hispanic",New York Referees (RRSNY)
"White, non-Hispanic",New York Referees (RRSNY)
"White, non-Hispanic",New York Referees (RRSNY)
"White, non-Hispanic",New York Referees (RRSNY)
"White, non-Hispanic",New York Referees (RRSNY)
"White, non-Hispanic",New York Referees (RRSNY)
"White, non-Hispanic",New York Referees (RRSNY)
"White, non-Hispanic",New York Referees (RRSNY)
"White, non-Hispanic",New York Referees (RRSNY)
"White, non-Hispanic",New York Referees (RRSNY)
"White, non-Hispanic",New York Referees (RRSNY)
"White, non-Hispanic",New York Referees (RRSNY)
"White, non-Hispanic",New York Referees (RRSNY)
"White, non-Hispanic",New York Referees (RRSNY)
"White, non-Hispanic",New York Referees (RRSNY)
"White, non-Hispanic",New York Referees (RRSNY)
"White, non-Hispanic",New York Referees (RRSNY)
"White, non-Hispanic",New York Referees (RRSNY)
"White, non-Hispanic",New York Referees (RRSNY)
"White, non-Hispanic",New York Referees (RRSNY)
"White, non-Hispanic",New York Referees (RRSNY)
"White, non-Hispanic",New York Referees (RRSNY)
"White, non-Hispanic",New York Referees (RRSNY)
"White, non-Hispanic",New York Referees (RRSNY)
"White, non-Hispanic",New York Referees (RRSNY)
"White, non-Hispanic",New York Referees (RRSNY)
"White, non-Hispanic",New York Referees (RRSNY)
"White, non-Hispanic",New York Referees (RRSNY)
"White, non-Hispanic",New York Referees (RRSNY)
"White, non-Hispanic",New York Referees (RRSNY)
"White, non-Hispanic",New York Referees (RRSNY)
"White, non-Hispanic",New York Referees (RRSNY)
"White, non-Hispanic",New York Referees (RRSNY)
"White, non-Hispanic",New York Referees (RRSNY)
"White, non-Hispanic",New York Referees (RRSNY)
"White, non-Hispanic",Potomac Referees
"White, non-Hispanic",Potomac Referees
"White, non-Hispanic",Potomac Referees
"White, non-Hispanic",Potomac Referees
"White, non-Hispanic",Potomac Referees
"White, non-Hispanic",Potomac Referees
"White, non-Hispanic",Potomac Referees
"White, non-Hispanic",Potomac Referees
"White, non-Hispanic",Potomac Referees
"White, non-Hispanic",Potomac Referees
"White, non-Hispanic",Potomac Referees
"White, non-Hispanic",Potomac Referees
"White, non-Hispanic",Potomac Referees
"White, non-Hispanic",Potomac Referees
"White, non-Hispanic",Potomac Referees
"White, non-Hispanic",Potomac Referees
"White, non-Hispanic",Potomac Referees
"White, non-Hispanic",Potomac Referees
"White, non-Hispanic",Potomac Referees
"White, non-Hispanic",Potomac Referees
"White, non-Hispanic",Potomac Referees
"White, non-Hispanic",Potomac Referees
"White, non-Hispanic",Potomac Referees
"White, non-Hispanic",Potomac Referees
"White, non-Hispanic",Potomac Referees
"White, non-Hispanic",Potomac Referees
"White, non-Hispanic",Potomac Referees
"White, non-Hispanic",Potomac Referees
"White, non-Hispanic",Potomac Referees
"White, non-Hispanic",Potomac Referees
"White, non-Hispanic",Potomac Referees
"White, non-Hispanic",Upstate NY Referees
"White, non-Hispanic",Upstate NY Referees
"White, non-Hispanic",Upstate NY Referees
"White, non-Hispanic",Upstate NY Referees
"White, non-Hispanic",Upstate NY Referees
"White, non-Hispanic",Upstate NY Referees
"White, non-Hispanic",Upstate NY Referees
"White, non-Hispanic",Upstate NY Referees
"White, non-Hispanic",Upstate NY Referees
"White, non-Hispanic",Upstate NY Referees
"White, non-Hispanic",Upstate NY Referees
"White, non-Hispanic",Upstate NY Referees
"White, non-Hispanic",Upstate NY Referees
"White, non-Hispanic",Upstate NY Referees
"White, non-Hispanic",Upstate NY Referees
"White, non-Hispanic",Upstate NY Referees
"White, non-Hispanic",Upstate NY Referees
"White, non-Hispanic",Virgina Referees (RSV)
"White, non-Hispanic",Virgina Referees (RSV)
"White, non-Hispanic",Virgina Referees (RSV)
"White, non-Hispanic",Virgina Referees (RSV)
"White, non-Hispanic",Virgina Referees (RSV)
"White, non-Hispanic",Virgina Referees (RSV)
"White, non-Hispanic",Virgina Referees (RSV)
"White, non-Hispanic",Virginia Referees (RSV)
"White, non-Hispanic",Virginia Referees (RSV)
"White, non-Hispanic",Virginia Referees (RSV)
"White, non-Hispanic",Virginia Referees (RSV)
"White, non-Hispanic",Virginia Referees (RSV)
"White, non-Hispanic",Virginia Referees (RSV)
"White, non-Hispanic",Virginia Referees (RSV)
"White, non-Hispanic",Virginia Referees (RSV)