Gender,Club Name
Female,East Penn Referees
Female,East Penn Referees
Female,East Penn Referees
Female,East Penn Referees
Female,East Penn Referees
Female,New England Referees
Female,New England Referees
Female,New England Referees
Female,New England Referees
Female,New England Referees
Female,New England Referees
Female,New York Referees (RRSNY)
Female,New York Referees (RRSNY)
Female,New York Referees (RRSNY)
Female,New York Referees (RRSNY)
Female,New York Referees (RRSNY)
Female,New York Referees (RRSNY)
Female,New York Referees (RRSNY)
Female,New York Referees (RRSNY)
Female,New York Referees (RRSNY)
Female,New York Referees (RRSNY)
Female,New York Referees (RRSNY)
Female,Potomac Referees
Female,Potomac Referees
Female,Potomac Referees
Female,Potomac Referees
Female,Potomac Referees
Female,Potomac Referees
Female,Potomac Referees
Female,Potomac Referees
Female,Potomac Referees
Female,Potomac Referees
Female,Potomac Referees
Female,Upstate NY Referees
Female,Upstate NY Referees
Female,Upstate NY Referees
Female,Upstate NY Referees
Female,Upstate NY Referees
Female,Upstate NY Referees
Female,Virgina Referees (RSV)
Female,Virgina Referees (RSV)
Female,Virgina Referees (RSV)
Female,Virginia Referees (RSV)
Female,Virginia Referees (RSV)
Female,Virginia Referees (RSV)
Female,Virginia Referees (RSV)
Male,East Penn Referees
Male,East Penn Referees
Male,East Penn Referees
Male,East Penn Referees
Male,East Penn Referees
Male,East Penn Referees
Male,East Penn Referees
Male,East Penn Referees
Male,East Penn Referees
Male,East Penn Referees
Male,East Penn Referees
Male,East Penn Referees
Male,East Penn Referees
Male,East Penn Referees
Male,East Penn Referees
Male,New England Referees
Male,New England Referees
Male,New England Referees
Male,New England Referees
Male,New England Referees
Male,New England Referees
Male,New England Referees
Male,New England Referees
Male,New England Referees
Male,New England Referees
Male,New England Referees
Male,New England Referees
Male,New England Referees
Male,New England Referees
Male,New England Referees
Male,New England Referees
Male,New England Referees
Male,New England Referees
Male,New England Referees
Male,New England Referees
Male,New England Referees
Male,New England Referees
Male,New England Referees
Male,New England Referees
Male,New England Referees
Male,New England Referees
Male,New England Referees
Male,New England Referees
Male,New England Referees
Male,New England Referees
Male,New England Referees
Male,New England Referees
Male,New England Referees
Male,New England Referees
Male,New England Referees
Male,New England Referees
Male,New England Referees
Male,New England Referees
Male,New England Referees
Male,New England Referees
Male,New York Referees (RRSNY)
Male,New York Referees (RRSNY)
Male,New York Referees (RRSNY)
Male,New York Referees (RRSNY)
Male,New York Referees (RRSNY)
Male,New York Referees (RRSNY)
Male,New York Referees (RRSNY)
Male,New York Referees (RRSNY)
Male,New York Referees (RRSNY)
Male,New York Referees (RRSNY)
Male,New York Referees (RRSNY)
Male,New York Referees (RRSNY)
Male,New York Referees (RRSNY)
Male,New York Referees (RRSNY)
Male,New York Referees (RRSNY)
Male,New York Referees (RRSNY)
Male,New York Referees (RRSNY)
Male,New York Referees (RRSNY)
Male,New York Referees (RRSNY)
Male,New York Referees (RRSNY)
Male,New York Referees (RRSNY)
Male,New York Referees (RRSNY)
Male,New York Referees (RRSNY)
Male,New York Referees (RRSNY)
Male,New York Referees (RRSNY)
Male,New York Referees (RRSNY)
Male,New York Referees (RRSNY)
Male,New York Referees (RRSNY)
Male,New York Referees (RRSNY)
Male,New York Referees (RRSNY)
Male,New York Referees (RRSNY)
Male,New York Referees (RRSNY)
Male,New York Referees (RRSNY)
Male,New York Referees (RRSNY)
Male,New York Referees (RRSNY)
Male,New York Referees (RRSNY)
Male,New York Referees (RRSNY)
Male,New York Referees (RRSNY)
Male,New York Referees (RRSNY)
Male,New York Referees (RRSNY)
Male,New York Referees (RRSNY)
Male,New York Referees (RRSNY)
Male,New York Referees (RRSNY)
Male,New York Referees (RRSNY)
Male,New York Referees (RRSNY)
Male,New York Referees (RRSNY)
Male,New York Referees (RRSNY)
Male,Potomac Referees
Male,Potomac Referees
Male,Potomac Referees
Male,Potomac Referees
Male,Potomac Referees
Male,Potomac Referees
Male,Potomac Referees
Male,Potomac Referees
Male,Potomac Referees
Male,Potomac Referees
Male,Potomac Referees
Male,Potomac Referees
Male,Potomac Referees
Male,Potomac Referees
Male,Potomac Referees
Male,Potomac Referees
Male,Potomac Referees
Male,Potomac Referees
Male,Potomac Referees
Male,Potomac Referees
Male,Potomac Referees
Male,Potomac Referees
Male,Potomac Referees
Male,Potomac Referees
Male,Potomac Referees
Male,Potomac Referees
Male,Potomac Referees
Male,Potomac Referees
Male,Potomac Referees
Male,Potomac Referees
Male,Upstate NY Referees
Male,Upstate NY Referees
Male,Upstate NY Referees
Male,Upstate NY Referees
Male,Upstate NY Referees
Male,Upstate NY Referees
Male,Upstate NY Referees
Male,Upstate NY Referees
Male,Upstate NY Referees
Male,Upstate NY Referees
Male,Upstate NY Referees
Male,Upstate NY Referees
Male,Upstate NY Referees
Male,Upstate NY Referees
Male,Virgina Referees (RSV)
Male,Virgina Referees (RSV)
Male,Virgina Referees (RSV)
Male,Virgina Referees (RSV)
Male,Virgina Referees (RSV)
Male,Virgina Referees (RSV)
Male,Virgina Referees (RSV)
Male,Virginia Referees (RSV)
Male,Virginia Referees (RSV)
Male,Virginia Referees (RSV)
Male,Virginia Referees (RSV)
Male,Virginia Referees (RSV)
Male,Virginia Referees (RSV)
Male,Virginia Referees (RSV)
Male,Virginia Referees (RSV)
Male,Virginia Referees (RSV)
Male,Virginia Referees (RSV)
None,New England Referees